<oneoff_actions>
    <oracle.javavm.jrf version="12.2.0.1.0" opt_req="O" symbol="rdbms.jrf.common.symbol">
        <jar name="ojdbc8.jar" path="%ORACLE_HOME%/%SYMBOL%/modules/oracle.jdbc" class_name="/modules/oracle.jdbc/ojdbc8.jar/oracle/jdbc/driver/HAManager$1.class"/>
        <jar name="ojdbc8.jar" path="%ORACLE_HOME%/%SYMBOL%/modules/oracle.jdbc" class_name="/modules/oracle.jdbc/ojdbc8.jar/oracle/jdbc/driver/HAManager.class"/>
        <jar name="ojdbc8_g.jar" path="%ORACLE_HOME%/%SYMBOL%/modules/oracle.jdbc" class_name="/modules/oracle.jdbc/ojdbc8_g.jar/oracle/jdbc/driver/HAManager$1.class"/>
        <jar name="ojdbc8_g.jar" path="%ORACLE_HOME%/%SYMBOL%/modules/oracle.jdbc" class_name="/modules/oracle.jdbc/ojdbc8_g.jar/oracle/jdbc/driver/HAManager.class"/>
        <jar name="ojdbc8dms.jar" path="%ORACLE_HOME%/%SYMBOL%/modules/oracle.jdbc" class_name="/modules/oracle.jdbc/ojdbc8dms.jar/oracle/jdbc/driver/HAManager$1.class"/>
        <jar name="ojdbc8dms.jar" path="%ORACLE_HOME%/%SYMBOL%/modules/oracle.jdbc" class_name="/modules/oracle.jdbc/ojdbc8dms.jar/oracle/jdbc/driver/HAManager.class"/>
        <jar name="ojdbc8dms_g.jar" path="%ORACLE_HOME%/%SYMBOL%/modules/oracle.jdbc" class_name="/modules/oracle.jdbc/ojdbc8dms_g.jar/oracle/jdbc/driver/HAManager$1.class"/>
        <jar name="ojdbc8dms_g.jar" path="%ORACLE_HOME%/%SYMBOL%/modules/oracle.jdbc" class_name="/modules/oracle.jdbc/ojdbc8dms_g.jar/oracle/jdbc/driver/HAManager.class"/>
    </oracle.javavm.jrf>
    <oracle.precomp.common.core version="12.2.0.1.0" opt_req="O">
        <jar name="ojdbc8.jar" path="%ORACLE_HOME%/jdbc/lib" class_name="/jdbc/lib/ojdbc8.jar/oracle/jdbc/driver/HAManager$1.class"/>
        <jar name="ojdbc8.jar" path="%ORACLE_HOME%/jdbc/lib" class_name="/jdbc/lib/ojdbc8.jar/oracle/jdbc/driver/HAManager.class"/>
    </oracle.precomp.common.core>
    <oracle.dbjava.ic version="12.2.0.1.0" opt_req="O">
        <jar name="ojdbc8.jar" path="%ORACLE_HOME%/jdbc/lib" class_name="/jdbc/lib/ojdbc8.jar/oracle/jdbc/driver/HAManager$1.class"/>
        <jar name="ojdbc8.jar" path="%ORACLE_HOME%/jdbc/lib" class_name="/jdbc/lib/ojdbc8.jar/oracle/jdbc/driver/HAManager.class"/>
    </oracle.dbjava.ic>
    <oracle.javavm.client version="12.2.0.1.0" opt_req="O">
        <jar name="ojdbc8.jar" path="%ORACLE_HOME%/jdbc/lib" class_name="/jdbc/lib/ojdbc8.jar/oracle/jdbc/driver/HAManager$1.class"/>
        <jar name="ojdbc8.jar" path="%ORACLE_HOME%/jdbc/lib" class_name="/jdbc/lib/ojdbc8.jar/oracle/jdbc/driver/HAManager.class"/>
        <jar name="ojdbc8_g.jar" path="%ORACLE_HOME%/jdbc/lib" class_name="/jdbc/lib/ojdbc8_g.jar/oracle/jdbc/driver/HAManager$1.class"/>
        <jar name="ojdbc8_g.jar" path="%ORACLE_HOME%/jdbc/lib" class_name="/jdbc/lib/ojdbc8_g.jar/oracle/jdbc/driver/HAManager.class"/>
    </oracle.javavm.client>
    <oracle.dbjava.jdbc version="12.2.0.1.0" opt_req="O">
        <jar name="ojdbc8_g.jar" path="%ORACLE_HOME%/jdbc/lib" class_name="/jdbc/lib/ojdbc8_g.jar/oracle/jdbc/driver/HAManager$1.class"/>
        <jar name="ojdbc8_g.jar" path="%ORACLE_HOME%/jdbc/lib" class_name="/jdbc/lib/ojdbc8_g.jar/oracle/jdbc/driver/HAManager.class"/>
        <jar name="ojdbc8dms.jar" path="%ORACLE_HOME%/jdbc/lib" class_name="/jdbc/lib/ojdbc8dms.jar/oracle/jdbc/driver/HAManager$1.class"/>
        <jar name="ojdbc8dms.jar" path="%ORACLE_HOME%/jdbc/lib" class_name="/jdbc/lib/ojdbc8dms.jar/oracle/jdbc/driver/HAManager.class"/>
        <jar name="ojdbc8dms_g.jar" path="%ORACLE_HOME%/jdbc/lib" class_name="/jdbc/lib/ojdbc8dms_g.jar/oracle/jdbc/driver/HAManager$1.class"/>
        <jar name="ojdbc8dms_g.jar" path="%ORACLE_HOME%/jdbc/lib" class_name="/jdbc/lib/ojdbc8dms_g.jar/oracle/jdbc/driver/HAManager.class"/>
    </oracle.dbjava.jdbc>
    <oracle.duma version="12.2.0.1.0" opt_req="O">
        <jar name="ojdbc8.jar" path="%ORACLE_HOME%/jdbc/lib" class_name="/jdbc/lib/ojdbc8.jar/oracle/jdbc/driver/HAManager$1.class"/>
        <jar name="ojdbc8.jar" path="%ORACLE_HOME%/jdbc/lib" class_name="/jdbc/lib/ojdbc8.jar/oracle/jdbc/driver/HAManager.class"/>
    </oracle.duma>
    <oracle.rdbms version="12.2.0.1.0" opt_req="O">
        <jar name="ojdbc8.jar" path="%ORACLE_HOME%/jdbc/lib" class_name="/jdbc/lib/ojdbc8.jar/oracle/jdbc/driver/HAManager$1.class"/>
        <jar name="ojdbc8.jar" path="%ORACLE_HOME%/jdbc/lib" class_name="/jdbc/lib/ojdbc8.jar/oracle/jdbc/driver/HAManager.class"/>
    </oracle.rdbms>
</oneoff_actions>