<?xml version="1.0" encoding="UTF-8" standalone="no"?>
<oneoff_actions>
    <oracle.wls.admin.console.en opt_req="O" symbol="wls.server.symbol" version="12.2.1.3.0">
        <jar class_name="server/lib/consoleapp/consolehelp/WEB-INF/lib/console.jar/com/bea/console/utils/ConsoleUtils.class" name="console.jar" path="%ORACLE_HOME%/%SYMBOL%/server/lib/consoleapp/consolehelp/WEB-INF/lib" shaolue="634B784D2A3696C646A3982CDCD6896D32367291"/>
        <jar class_name="server/lib/consoleapp/consolehelp/WEB-INF/lib/console.jar/com/bea/console/utils/MBeanUtilsInitSingleFileServlet.class" name="console.jar" path="%ORACLE_HOME%/%SYMBOL%/server/lib/consoleapp/consolehelp/WEB-INF/lib" shaolue="223315656AF551BFEB90BCB04A5284D7A202B068"/>
        <jar class_name="server/lib/consoleapp/webapp/WEB-INF/lib/console.jar/com/bea/console/internal/ConsoleActionServlet$ConsoleDefaultModuleConfigLocator.class" name="console.jar" path="%ORACLE_HOME%/%SYMBOL%/server/lib/consoleapp/webapp/WEB-INF/lib" shaolue="7786DA7DEDEA7E9F7B20CE4602A7B76F5E27584C"/>
        <jar class_name="server/lib/consoleapp/webapp/WEB-INF/lib/console.jar/com/bea/console/internal/ConsoleActionServlet$LegacyModuleConfigLocator.class" name="console.jar" path="%ORACLE_HOME%/%SYMBOL%/server/lib/consoleapp/webapp/WEB-INF/lib" shaolue="4A39B5A8B4A4A1DA905A77BAA0A6A91379062683"/>
        <jar class_name="server/lib/consoleapp/webapp/WEB-INF/lib/console.jar/com/bea/console/internal/ConsoleActionServlet.class" name="console.jar" path="%ORACLE_HOME%/%SYMBOL%/server/lib/consoleapp/webapp/WEB-INF/lib" shaolue="35ADD0AC9CBF32748BF5B7C8AEC9048C6EA4FBDB"/>
        <jar class_name="server/lib/consoleapp/webapp/WEB-INF/lib/console.jar/com/bea/console/internal/TrimmingIntegerConverter.class" name="console.jar" path="%ORACLE_HOME%/%SYMBOL%/server/lib/consoleapp/webapp/WEB-INF/lib" shaolue="DF3CED2D4C76B9F0B0BD87C81C8229320A42E048"/>
        <jar class_name="server/lib/consoleapp/webapp/WEB-INF/lib/console.jar/com/bea/console/resource/http/ResourceServlet$1.class" name="console.jar" path="%ORACLE_HOME%/%SYMBOL%/server/lib/consoleapp/webapp/WEB-INF/lib" shaolue="47E128D895100AA600CF19C251E0E3C1E6381369"/>
        <jar class_name="server/lib/consoleapp/webapp/WEB-INF/lib/console.jar/com/bea/console/resource/http/ResourceServlet$HttpTransportRequestInfoImpl.class" name="console.jar" path="%ORACLE_HOME%/%SYMBOL%/server/lib/consoleapp/webapp/WEB-INF/lib" shaolue="F3DDC68831F3CF3D9ECE2A4F3C4B93568819E4AD"/>
        <jar class_name="server/lib/consoleapp/webapp/WEB-INF/lib/console.jar/com/bea/console/resource/http/ResourceServlet$ResponseHandlerImpl.class" name="console.jar" path="%ORACLE_HOME%/%SYMBOL%/server/lib/consoleapp/webapp/WEB-INF/lib" shaolue="CF9C375302E2FD366199ADE2C54DDACD4F42AED2"/>
        <jar class_name="server/lib/consoleapp/webapp/WEB-INF/lib/console.jar/com/bea/console/resource/http/ResourceServlet.class" name="console.jar" path="%ORACLE_HOME%/%SYMBOL%/server/lib/consoleapp/webapp/WEB-INF/lib" shaolue="38F110ABCB8F51D6B843DCB0E2ED23EB1A6CF85B"/>
        <jar class_name="server/lib/consoleapp/webapp/WEB-INF/lib/console.jar/com/bea/console/utils/ConsoleUtils.class" name="console.jar" path="%ORACLE_HOME%/%SYMBOL%/server/lib/consoleapp/webapp/WEB-INF/lib" shaolue="634B784D2A3696C646A3982CDCD6896D32367291"/>
        <jar class_name="server/lib/consoleapp/webapp/WEB-INF/lib/console.jar/com/bea/console/utils/MBeanUtilsInitSingleFileServlet.class" name="console.jar" path="%ORACLE_HOME%/%SYMBOL%/server/lib/consoleapp/webapp/WEB-INF/lib" shaolue="223315656AF551BFEB90BCB04A5284D7A202B068"/>
    </oracle.wls.admin.console.en>
</oneoff_actions>
